{"type": "metrics", "dataset": "train", "precision": 0.7187704381948986, "balanced_accuracy": 0.6030350221068691, "recall": 0.23249418235667443, "f1_score": 0.35134271099744246}
{"type": "metrics", "dataset": "test", "precision": 0.7266081871345029, "balanced_accuracy": 0.6169871369864441, "recall": 0.2603457307490833, "f1_score": 0.38333976089471655}
{"type": "cm_matrix", "dataset": "train", "true_0": {"predicted_0": 15843, "predicted_1": 430}, "true_1": {"predicted_0": 3628, "predicted_1": 1099}}
{"type": "cm_matrix", "dataset": "test", "true_0": {"predicted_0": 6904, "predicted_1": 187}, "true_1": {"predicted_0": 1412, "predicted_1": 497}}
